feature,importance
focus,0.3234820567645731
stress,0.286075118318359
sleep_hours,0.14928971050338366
study_duration,0.11037584026852411
time_of_day,0.07685903539387012
breaks,0.03695935650768458
energy,0.01695888224360554
