feature,importance
focus,0.34348863522169404
stress,0.23295270065862933
sleep_hours,0.15125291661048165
study_duration,0.12015768011676153
time_of_day,0.1005996350722206
breaks,0.04811932393299869
energy,0.003429108387214233
